Nominal,Tanggal,Dompet,Kategori,Catatan,Prioritas
14000.0,2023-10-08,Cash,Makanan/Minuman,Lauk,Butuh
14000.0,2023-10-08,Cash,Belanja,Telur,Butuh
11000.0,2023-10-09,Cash,Makanan/Minuman,Lauk,Butuh
8500.0,2023-10-09,OVO,Makanan/Minuman,Jus,Butuh
10000.0,2023-10-09,Cash,Makanan/Minuman,Nasi,Butuh
27000.0,2023-10-10,Cash,Kebersihan,Sabun,Butuh
9000.0,2023-10-10,Cash,Makanan/Minuman,Air Minum,Butuh
10000.0,2023-10-10,Cash,Makanan/Minuman,Lauk,Butuh
6000.0,2023-10-10,Cash,Makanan/Minuman,Air Minum,Butuh
7000.0,2023-10-10,Cash,Makanan/Minuman,Lauk,Butuh
9000.0,2023-10-11,Cash,Makanan/Minuman,Lauk,Butuh
8000.0,2023-10-11,Cash,Makanan/Minuman,Lauk,Butuh
10000.0,2023-10-12,Cash,Makanan/Minuman,Bumbu dapur,Butuh
8000.0,2023-10-12,Cash,Makanan/Minuman,Lauk,Butuh
7000.0,2023-10-13,Cash,Makanan/Minuman,Lauk,Butuh
10000.0,2023-10-14,Cash,Makanan/Minuman,Lauk,Butuh
68500.0,2023-10-15,BJB,Belanja,Beras,Butuh
23000.0,2023-10-15,BJB,Belanja,Telur,Butuh
38955.0,2023-10-15,BJB,Makanan/Minuman,Bumbu,Butuh
5000.0,2023-10-15,Cash,Makanan/Minuman,Tempe,Butuh
18500.0,2023-10-15,Cash,Makanan/Minuman,Bumbu,Butuh
8000.0,2023-10-16,Cash,Makanan/Minuman,Lauk,Butuh
10000.0,2023-10-16,Cash,Makanan/Minuman,Lauk,Butuh
10000.0,2023-10-17,Cash,Makanan/Minuman,Lauk,Butuh
237820.0,2023-10-17,Livin,Komunikasi,Wifi,Harus
4000.0,2023-10-17,OVO,Lainnya,Streaming,Ingin
9000.0,2023-10-18,Cash,Makanan/Minuman,Lauk,Butuh
10000.0,2023-10-18,Cash,Makanan/Minuman,Lauk,Butuh
8000.0,2023-10-18,Cash,Makanan/Minuman,Jus,Butuh
6000.0,2023-10-19,Cash,Makanan/Minuman,Air Minum,Butuh
8000.0,2023-10-19,Cash,Makanan/Minuman,Lauk,Butuh
10000.0,2023-10-21,Cash,Makanan/Minuman,Nasi,Butuh
20000.0,2023-10-21,Cash,Makanan/Minuman,Lauk,Butuh
602500.0,2023-10-22,BJB,Tempat tinggal,Kos,Harus
9000.0,2023-10-22,Cash,Makanan/Minuman,Lauk,Butuh
13000.0,2023-10-22,Cash,Makanan/Minuman,Nasi Goreng,Butuh
13000.0,2023-10-23,Cash,Makanan/Minuman,Lauk,Butuh
14000.0,2023-10-24,Cash,Belanja,Telur,Butuh
10000.0,2023-10-24,Cash,Makanan/Minuman,Lontong Kari,Butuh
9000.0,2023-10-24,Cash,Makanan/Minuman,Lauk,Butuh
10000.0,2023-10-25,Cash,Makanan/Minuman,Nasi,Butuh
50000.0,2023-10-26,BJB,Komunikasi,Pulsa,Butuh
11000.0,2023-10-26,Cash,Makanan/Minuman,Lauk,Butuh
8000.0,2023-10-27,Cash,Makanan/Minuman,Lauk,Butuh
7000.0,2023-10-27,Cash,Makanan/Minuman,Lauk,Butuh
20000.0,2023-10-27,BJB,Komunikasi,Pulsa,Butuh
11000.0,2023-10-28,Cash,Makanan/Minuman,Lauk,Butuh
7000.0,2023-10-29,Cash,Makanan/Minuman,Sayur,Butuh
10000.0,2023-10-29,Cash,Makanan/Minuman,Lauk,Butuh
6000.0,2023-10-29,Cash,Makanan/Minuman,Tempe,Butuh
9000.0,2023-10-30,Cash,Makanan/Minuman,Lauk,Butuh
7000.0,2023-10-30,Cash,Makanan/Minuman,Telur,Butuh
10000.0,2023-10-30,BJB,Makanan/Minuman,Americano,Ingin
5000.0,2023-10-30,BJB,Makanan/Minuman,Roti,Butuh
13000.0,2023-10-31,Cash,Makanan/Minuman,Nasi Padang,Butuh
3500.0,2023-10-31,Cash,Makanan/Minuman,Minuman,Butuh
11000.0,2023-11-01,Cash,Makanan/Minuman,Lauk_Geprek,Butuh
9800.0,2023-11-01,OVO,Transportasi,TMP,Butuh
90000.0,2023-11-02,Cash,Transportasi,Shuttle,Butuh
25000.0,2023-11-03,Cash,Transportasi,Bensin,Butuh
17000.0,2023-11-04,Cash,Makanan/Minuman,Susu,Ingin
6500.0,2023-11-05,Cash,Makanan/Minuman,Kopi,Ingin
15000.0,2023-11-06,Cash,Kebersihan,Potong Rambut,Butuh
1500.0,2023-11-07,OVO,Lainnya,Biaya Admin,Harus
12500.0,2023-11-07,OVO,Komunikasi,Pulsa,Butuh
2000.0,2023-11-08,Cash,Lainnya,Parkir,Harus
237820.0,2023-11-10,Livin,Komunikasi,Wifi,Harus
279000.0,2023-11-10,Cash,Pendidikan/Ilmu,Buku,Butuh
15000.0,2023-11-10,Cash,Transportasi,Bensin,Butuh
90000.0,2023-11-11,Cash,Transportasi,Shuttle,Butuh
14000.0,2023-11-11,Cash,Makanan/Minuman,Lauk,Butuh
7900.0,2023-11-11,Cash,Makanan/Minuman,Snack,Butuh
4900.0,2023-11-12,OVO,Transportasi,Bus TMP,Butuh
4900.0,2023-11-12,OVO,Transportasi,Bus TMP,Butuh
1200.0,2023-11-12,OVO,Lainnya,Biaya Admin,Harus
19000.0,2023-11-12,Cash,Makanan/Minuman,Lauk,Butuh
5000.0,2023-11-12,Cash,Makanan/Minuman,Air Minum,Butuh
37001.0,2023-11-12,Livin,Lainnya,,Ingin
9000.0,2023-11-12,Cash,Makanan/Minuman,Nasi,Butuh
13000.0,2023-11-13,Cash,Makanan/Minuman,Nasi Goreng,Butuh
12000.0,2023-11-13,Cash,Transportasi,Ojol,Butuh
21000.0,2023-11-13,Livin,Makanan/Minuman,Nasi,Butuh
22000.0,2023-11-13,OVO,Transportasi,Shuttle,Butuh
4900.0,2023-11-13,Livin,Transportasi,Bus TMP,Butuh
11000.0,2023-11-14,Cash,Makanan/Minuman,Lauk,Butuh
6000.0,2023-11-14,Cash,Makanan/Minuman,Nasi Kepal,Butuh
7000.0,2023-11-15,Cash,Makanan/Minuman,Lauk,Butuh
13000.0,2023-11-15,Cash,Makanan/Minuman,Nasi Gila,Butuh
2000.0,2023-11-15,Livin,Transportasi,Bus TMP,Butuh
4900.0,2023-11-15,Livin,Transportasi,Bus TMP,Butuh
10000.0,2023-11-16,Cash,Makanan/Minuman,Lauk,Butuh
12000.0,2023-11-16,Cash,Makanan/Minuman,Lauk,Butuh
14000.0,2023-11-17,Cash,Makanan/Minuman,Nasi Padang,Butuh
6000.0,2023-11-17,Cash,Makanan/Minuman,Air Minum,Butuh
13000.0,2023-11-17,Cash,Makanan/Minuman,Nasi Goreng,Butuh
12000.0,2023-11-18,Cash,Makanan/Minuman,Nasi,Butuh
13000.0,2023-11-18,Cash,Makanan/Minuman,Nasi Goreng,Butuh
14500.0,2023-11-19,Cash,Belanja,Beras,Butuh
14000.0,2023-11-19,Cash,Belanja,Telur,Butuh
4500.0,2023-11-19,Cash,Kebersihan,Sabun Mandi,Butuh
5000.0,2023-11-19,Cash,Makanan/Minuman,Roti Bakar,Ingin
11600.0,2023-11-19,OVO,Makanan/Minuman,Jajan,Ingin
13000.0,2023-11-20,Livin,Makanan/Minuman,Nasi Goreng,Butuh
5000.0,2023-11-21,Cash,Makanan/Minuman,Roti,Butuh
11000.0,2023-11-21,Cash,Makanan/Minuman,Lauk,Butuh
10000.0,2023-11-21,Livin,Makanan/Minuman,Dark Chocolate,Ingin
7000.0,2023-11-22,Cash,Makanan/Minuman,Lauk,Butuh
76500.0,2023-11-22,Cash,Transportasi,Ongkir,Harus
90000.0,2023-11-22,Cash,Transportasi,Shuttle,Butuh
15000.0,2023-11-22,Cash,Makanan/Minuman,Nasi Padang,Butuh
27750.0,2023-11-25,OVO,Hiburan,Vidio Premium,Ingin
40500.0,2023-11-25,Cash,Produktivitas,Lampu belajar,Butuh
15000.0,2023-12-04,Cash,Makanan/Minuman,Nasi,Butuh
16000.0,2023-12-04,OVO,Komunikasi,Pulsa,Butuh
7000.0,2023-12-12,Cash,Makanan/Minuman,Air Minum,Butuh
18000.0,2023-12-12,Cash,Hiburan,Tiket Camp,Ingin
237820.0,2023-12-12,Livin,Komunikasi,Wifi,Harus
28000.0,2023-12-14,Cash,Belanja,Filter Kopi,Ingin
22500.0,2023-12-15,Cash,Transportasi,Bensin,Butuh
7250.0,2023-12-15,Cash,Makanan/Minuman,Kopi,Ingin
21250.0,2023-12-15,Cash,Makanan/Minuman,Susu,Ingin
40000.0,2023-12-18,Cash,Kesehatan,Obat,Harus
175000.0,2023-12-18,Livin,Transportasi,Kereta,Harus
156944.0,2023-12-20,Livin,Tempat tinggal,OYO,Butuh
10000.0,2023-12-20,OVO,Komunikasi,Kuota,Butuh
1500.0,2023-12-20,OVO,Lainnya,Biaya Admin,Harus
18000.0,2023-12-20,OVO,Transportasi,Ojol,Butuh
8000.0,2023-12-20,Cash,Lainnya,Parkir,Harus
3000.0,2023-12-20,Cash,Makanan/Minuman,Air Minum,Butuh
175000.0,2023-12-20,Livin,Transportasi,Kereta,Harus
24000.0,2023-12-20,Cash,Makanan/Minuman,Makanan,Butuh
11500.0,2023-12-21,OVO,Transportasi,Ojol,Butuh
23000.0,2023-12-21,OVO,Transportasi,Ojol,Butuh
300000.0,2023-12-22,Livin,Tempat tinggal,DP Kost,Harus
2500.0,2023-12-22,Livin,Lainnya,Biaya Admin,Harus
7000.0,2023-12-24,Cash,Transportasi,Angkot,Butuh
30000.0,2023-12-24,Cash,Makanan/Minuman,Jajan,Ingin
5000.0,2023-12-24,OVO,Komunikasi,Kuota,Butuh
185000.0,2023-12-25,Livin,Transportasi,Kereta,Harus
55500.0,2023-12-26,Cash,Produktivitas,Stand holder laptop,Butuh
50000.0,2023-12-26,Livin,Komunikasi,Pulsa,Butuh
6100.0,2023-12-28,Livin,Makanan/Minuman,Susu,Ingin
27500.0,2023-12-28,Livin,Lainnya,E-Money,Butuh
68800.0,2023-12-28,Livin,Kebersihan,Face Wash,Butuh
15000.0,2023-12-29,Cash,Transportasi,Bensin,Butuh
66000.0,2023-12-30,Livin,Belanja,Kebutuhan Kost,Butuh
9000.0,2023-12-30,Cash,Makanan/Minuman,Air Minum,Butuh
23500.0,2023-12-30,Cash,Kebersihan,Sabun mandi,Butuh
14700.0,2023-12-30,Cash,Kebersihan,Sikat Gigi,Butuh
11500.0,2023-12-30,Cash,Kebersihan,Pasta Gigi,Butuh
700000.0,2023-12-30,Livin,Tempat tinggal,Sewa Kost,Butuh
36000.0,2023-12-30,OVO,Transportasi,Ojol,Butuh
36000.0,2023-12-30,OVO,Transportasi,Ojol,Butuh
1500.0,2023-12-30,OVO,Lainnya,Biaya Admin,Harus
2500.0,2023-12-30,Livin,Lainnya,Biaya Admin,Harus
10000.0,2023-12-31,Cash,Makanan/Minuman,Sarapan,Butuh
12000.0,2023-12-31,Cash,Makanan/Minuman,Nasi Padang,Butuh
31500.0,2024-01-01,Cash,Kebersihan,Hair Spray,Butuh
15000.0,2024-01-01,Cash,Makanan/Minuman,Nasi,Butuh
16200.0,2024-01-01,Cash,Belanja,Kispray,Butuh
11800.0,2024-01-01,Cash,Makanan/Minuman,Air Minum,Butuh
19500.0,2024-01-01,Cash,Belanja,Detergen,Butuh
29000.0,2024-01-02,Cash,Kesehatan,Obat,Harus
12000.0,2024-01-02,Cash,Makanan/Minuman,Breakfast,Butuh
15000.0,2024-01-02,Cash,Makanan/Minuman,Dinner,Butuh
14000.0,2024-01-02,Cash,Makanan/Minuman,Air Minum,Butuh
52000.0,2024-01-02,Livin,Makanan/Minuman,Makan Malam,Butuh
14000.0,2024-01-03,Cash,Makanan/Minuman,Lunch,Butuh
15000.0,2024-01-03,Cash,Makanan/Minuman,Dinner,Butuh
12000.0,2024-01-03,Cash,Makanan/Minuman,Breakfast,Butuh
7000.0,2024-01-04,Cash,Makanan/Minuman,Sarapan,Butuh
18000.0,2024-01-04,Cash,Makanan/Minuman,Makan siang,Butuh
7000.0,2024-01-05,Cash,Makanan/Minuman,Sarapan,Butuh
12000.0,2024-01-05,Cash,Makanan/Minuman,Makan malam,Butuh
22500.0,2024-01-06,OVO,Transportasi,Ojol,Butuh
15000.0,2024-01-06,Cash,Makanan/Minuman,Sarapan,Butuh
26000.0,2024-01-07,Cash,Lainnya,"Sabun, Jepit Jemuran, Sponge",Butuh
10000.0,2024-01-07,OVO,Transportasi,Ojol,Butuh
20000.0,2024-01-07,Cash,Makanan/Minuman,Air Minum,Butuh
9000.0,2024-01-08,Cash,Makanan/Minuman,Sarapan,Butuh
15000.0,2024-01-08,Cash,Makanan/Minuman,Makan malam,Butuh
20000.0,2024-01-08,OVO,Makanan/Minuman,Makan siang,Butuh
9000.0,2024-01-09,Cash,Makanan/Minuman,Makan siang,Butuh
7000.0,2024-01-09,Cash,Makanan/Minuman,Sarapan,Butuh
11000.0,2024-01-09,Cash,Makanan/Minuman,Makan malam,Butuh
12000.0,2024-01-10,Cash,Makanan/Minuman,Makan Malam,Butuh
12000.0,2024-01-10,Cash,Makanan/Minuman,Makan Siang,Butuh
22500.0,2024-01-10,Cash,Makanan/Minuman,Roti,Butuh
10000.0,2024-01-11,Cash,Makanan/Minuman,Makan siang,Butuh
18000.0,2024-01-11,Cash,Makanan/Minuman,Makan Malam,Butuh
237820.0,2024-01-11,Livin,Komunikasi,Wifi,Butuh
11000.0,2024-01-12,Cash,Makanan/Minuman,Makan Siang,Butuh
16000.0,2024-01-12,Cash,Makanan/Minuman,"Nasi Goreng,Makan Malam",Butuh
7000.0,2024-01-12,Cash,Makanan/Minuman,Sarapan,Butuh
15000.0,2024-01-13,Cash,Makanan/Minuman,Kebab,Butuh
10000.0,2024-01-13,OVO,Transportasi,Ojol,Butuh
115000.0,2024-01-13,Cash,Belanja,Kemeja,Butuh
5000.0,2024-01-13,Cash,Makanan/Minuman,Air Minum,Butuh
33000.0,2024-01-13,Livin,Transportasi,e-money,Butuh
13000.0,2024-01-13,Cash,Makanan/Minuman,Makan Malam,Butuh
17000.0,2024-01-13,Cash,Makanan/Minuman,Sarapan,Butuh
40000.0,2024-01-13,Cash,Belanja,Handuk,Butuh
27000.0,2024-01-14,Cash,Makanan/Minuman,Nasi Padang,Butuh
16000.0,2024-01-14,Livin,Makanan/Minuman,"Nasi Goreng,Makan Malam",Butuh
15000.0,2024-01-15,Cash,Makanan/Minuman,Warteg,Butuh
10000.0,2024-01-15,Cash,Makanan/Minuman,Warteg,Butuh
58000.0,2024-01-15,Livin,Makanan/Minuman,Nongkrong,Ingin
23034.0,2024-01-15,OVO,Hiburan,Vision,Ingin
3000.0,2024-01-15,Cash,Makanan/Minuman,"Roti,Sarapan",Butuh
16000.0,2024-01-15,Livin,Makanan/Minuman,Warteg,Butuh
1200.0,2024-01-15,OVO,Lainnya,Biaya Admin,Harus
13000.0,2024-01-15,Cash,Makanan/Minuman,Kelapa,Butuh
2500.0,2024-01-16,Livin,Lainnya,Biaya Admin,Butuh
200798.0,2024-01-16,Livin,Transportasi,Shuttle,Butuh
15000.0,2024-01-16,Livin,Makanan/Minuman,Warteg,Butuh
14000.0,2024-01-17,Livin,Makanan/Minuman,Warteg,Butuh
16000.0,2024-01-17,Livin,Makanan/Minuman,Warteg,Butuh
8000.0,2024-01-18,OVO,Transportasi,Ojol,Butuh
11500.0,2024-01-18,OVO,Transportasi,Ojol,Butuh
16000.0,2024-01-18,Cash,Makanan/Minuman,Bakpao,Butuh
13000.0,2024-01-18,Cash,Makanan/Minuman,Warteg,Butuh
10000.0,2024-01-18,OVO,Transportasi,Ojol,Butuh
12000.0,2024-01-19,Cash,Makanan/Minuman,Warteg,Butuh
1200.0,2024-01-19,OVO,Lainnya,Biaya Admin,Harus
8000.0,2024-01-19,Cash,Makanan/Minuman,Mie,Butuh
19000.0,2024-01-20,Cash,Makanan/Minuman,Air Minum,Butuh
15000.0,2024-01-20,Cash,Makanan/Minuman,Mie ayam,Butuh
5000.0,2024-01-20,Cash,Makanan/Minuman,Air Minum,Butuh
5000.0,2024-01-20,Cash,Makanan/Minuman,Es teh,Ingin
5000.0,2024-01-20,Cash,Hiburan,Uno,Ingin
30000.0,2024-01-20,Cash,Hiburan,Rumah hantu,Ingin
13000.0,2024-01-20,Livin,Makanan/Minuman,Warteg,Butuh
7333.0,2024-01-20,Livin,Transportasi,Ojol,Butuh
16000.0,2024-01-21,Cash,Makanan/Minuman,Nasi Padang,Butuh
10000.0,2024-01-21,OVO,Transportasi,Ojol,Butuh
25000.0,2024-01-21,Cash,Hiburan,Kebun binatang,Ingin
18000.0,2024-01-21,Cash,Makanan/Minuman,Sarapan,Butuh
12000.0,2024-01-22,Livin,Makanan/Minuman,"Warteg, Makan siang",Butuh
16000.0,2024-01-22,Livin,Makanan/Minuman,"Warteg, Makan malam",Butuh
6000.0,2024-01-22,Cash,Makanan/Minuman,Roti,Butuh
6000.0,2024-01-23,Cash,Makanan/Minuman,Roti,Butuh
17000.0,2024-01-23,Livin,Makanan/Minuman,"Warteg, Makan siang",Butuh
15000.0,2024-01-23,Livin,Makanan/Minuman,Baso malang,Butuh
25000.0,2024-01-23,Livin,Transportasi,e-money,Butuh
6000.0,2024-01-24,Cash,Makanan/Minuman,Buras,Butuh
20000.0,2024-01-24,Cash,Makanan/Minuman,"Warteg, Makan siang",Butuh
18000.0,2024-01-24,Cash,Makanan/Minuman,"Warteg, Makan malam",Butuh
10000.0,2024-01-24,Cash,Darurat,"Lem, lakban",Butuh
20500.0,2024-01-25,Livin,Makanan/Minuman,Nasi Soto,Butuh
4000.0,2024-01-25,Cash,Makanan/Minuman,Minum,Butuh
20000.0,2024-01-25,Livin,Transportasi,e-money,Butuh
2000.0,2024-01-25,Cash,Makanan/Minuman,Teh Tawar,Butuh
9000.0,2024-01-25,Cash,Makanan/Minuman,"Sarapan,Warteg",Butuh
15000.0,2024-01-25,Cash,Makanan/Minuman,Nasi Goreng,Butuh
15000.0,2024-01-26,Cash,Makanan/Minuman,Nasi padang,Butuh
11000.0,2024-01-26,Livin,Makanan/Minuman,"Warteg,Makan siang",Butuh
11000.0,2024-01-26,Cash,Makanan/Minuman,sosis,Butuh
15000.0,2024-01-27,Cash,Makanan/Minuman,Nasi Goreng,Butuh
30000.0,2024-01-27,Livin,Transportasi,e-money,Butuh
12000.0,2024-01-27,Cash,Makanan/Minuman,"Warteg,Sarapan",Butuh
13900.0,2024-01-28,Cash,Kebersihan,Sabun mandi,Butuh
16000.0,2024-01-28,Cash,Makanan/Minuman,Nasi Padang,Butuh
5900.0,2024-01-28,Cash,Makanan/Minuman,Susu,Ingin
11500.0,2024-01-28,Cash,Makanan/Minuman,Snack,Ingin
14000.0,2024-01-28,Cash,Makanan/Minuman,"Warteg,Sarapan",Butuh
13000.0,2024-01-29,Livin,Makanan/Minuman,"Warteg,Makan siang",Butuh
13000.0,2024-01-29,OVO,Lainnya,Hadiah Zami,Ingin
15000.0,2024-01-29,Cash,Makanan/Minuman,Nasi Padang,Butuh
29000.0,2024-01-29,Livin,Komunikasi,Paket Data,Butuh
11900.0,2024-01-30,Cash,Kebersihan,Super Sol,Butuh
4000.0,2024-01-30,Cash,Makanan/Minuman,Minum,Ingin
11000.0,2024-01-30,Cash,Makanan/Minuman,Roti,Butuh
38900.0,2024-01-30,Cash,Belanja,Glade Pengharum Ruangan,Butuh
20000.0,2024-01-30,Livin,Makanan/Minuman,"Warteg,Makan siang",Butuh
16000.0,2024-01-30,Cash,Makanan/Minuman,Warteg,Butuh
5000.0,2024-01-30,Cash,Kebersihan,Sikat,Butuh
17000.0,2024-01-31,Livin,Makanan/Minuman,"Warteg,Makan siang",Butuh
5000.0,2024-01-31,Livin,Lainnya,Biaya Admin,Harus
6000.0,2024-01-31,Cash,Makanan/Minuman,Nasi Bakar,Butuh
15000.0,2024-01-31,Cash,Makanan/Minuman,Nasi Padang,Butuh
6000.0,2024-02-01,Cash,Makanan/Minuman,Roti,Butuh
15000.0,2024-02-01,Cash,Makanan/Minuman,Nasi Goreng,Butuh
1000000.0,2024-02-01,Livin,Tempat tinggal,Sewa Kos,Harus
2500.0,2024-02-01,Livin,Lainnya,Biaya Admin,Harus
20000.0,2024-02-01,Livin,Makanan/Minuman,"Warteg,Makan siang",Butuh
16000.0,2024-02-02,Livin,Makanan/Minuman,Snack,Ingin
50000.0,2024-02-02,Livin,Transportasi,Ojol,Butuh
5000.0,2024-02-02,Livin,Lainnya,Biaya Admin,Harus
21500.0,2024-02-02,Cash,Makanan/Minuman,Nasi ayam sosis,Butuh
6000.0,2024-02-02,Cash,Makanan/Minuman,Roti,Butuh
230000.0,2024-02-03,Livin,Produktivitas,Jam Tangan,Butuh
13000.0,2024-02-03,Cash,Makanan/Minuman,"Warteg,Sarapan",Butuh
20000.0,2024-02-03,Cash,Makanan/Minuman,Nasi Goreng,Butuh
13000.0,2024-02-03,OVO,Transportasi,Ojol,Butuh
10000.0,2024-02-03,Cash,Makanan/Minuman,"Warteg,Makan siang",Butuh
340000.0,2024-02-03,Livin,Produktivitas,Sepatu,Butuh
39000.0,2024-02-04,Cash,Kebersihan,Laundry,Harus
13000.0,2024-02-04,Cash,Makanan/Minuman,Warteg,Butuh
16000.0,2024-02-04,Cash,Makanan/Minuman,Nasi Goreng,Butuh
17000.0,2024-02-05,Cash,Makanan/Minuman,Ayam Geprek,Butuh
15000.0,2024-02-05,Cash,Makanan/Minuman,"Warteg,Makan siang",Butuh
5000.0,2024-02-05,Cash,Makanan/Minuman,Roti,Butuh
160000.0,2024-02-06,Livin,Transportasi,Kereta,Harus
170000.0,2024-02-06,Livin,Transportasi,Kereta,Harus
17000.0,2024-02-06,Livin,Makanan/Minuman,Ayam Geprek,Butuh
12900.0,2024-02-06,Cash,Makanan/Minuman,You C1000,Butuh
6000.0,2024-02-06,Cash,Makanan/Minuman,Nasi Bakar,Butuh
20000.0,2024-02-06,Cash,Makanan/Minuman,Air Minum,Butuh
28000.0,2024-02-06,Cash,Makanan/Minuman,Makan siang,Butuh
10000.0,2024-02-07,Cash,Makanan/Minuman,Warteg-Sarapan,Butuh
16000.0,2024-02-08,Cash,Makanan/Minuman,Warteg-Makan malam,Butuh
17000.0,2024-02-08,Livin,Makanan/Minuman,Ayam Geprek,Butuh
21000.0,2024-02-09,Cash,Makanan/Minuman,Nasi Goreng,Butuh
16000.0,2024-02-09,Cash,Makanan/Minuman,Warteg-Makan Siang,Butuh
6800.0,2024-02-09,Cash,Makanan/Minuman,Teh Pucuk,Ingin
9000.0,2024-02-09,Cash,Makanan/Minuman,Warteg-Sarapan,Butuh
26679.0,2024-02-09,Livin,Transportasi,e-money,Butuh
18000.0,2024-02-10,Cash,Makanan/Minuman,Warteg,Butuh
16000.0,2024-02-10,Cash,Makanan/Minuman,Warteg,Butuh
3800.0,2024-02-10,Cash,Makanan/Minuman,Fruit Tea,Ingin
16000.0,2024-02-11,Cash,Makanan/Minuman,Warteg,Butuh
92000.0,2024-02-11,Cash,Produktivitas,Meja,Butuh
25000.0,2024-02-11,Cash,Makanan/Minuman,Ayam Goreng,Butuh
15000.0,2024-02-12,Cash,Makanan/Minuman,Nasi Goreng,Butuh
17000.0,2024-02-12,Livin,Makanan/Minuman,Warteg,Butuh
11000.0,2024-02-12,Cash,Makanan/Minuman,Roti,Butuh
12000.0,2024-02-13,Cash,Makanan/Minuman,Nasi Padang,Butuh
237820.0,2024-02-13,Livin,Komunikasi,Wifi,Butuh
5000.0,2024-02-13,Cash,Makanan/Minuman,Roti,Butuh
14000.0,2024-02-13,Cash,Makanan/Minuman,Warteg,Butuh
16000.0,2024-02-14,Cash,Makanan/Minuman,Ayam Geprek,Butuh
15000.0,2024-02-14,Cash,Makanan/Minuman,Nasi Goreng,Ingin
13000.0,2024-02-14,Livin,Makanan/Minuman,Warteg,Butuh
17000.0,2024-02-15,Cash,Makanan/Minuman,Ayam Geprek,Butuh
12000.0,2024-02-15,Cash,Makanan/Minuman,Warteg,Butuh
21500.0,2024-02-16,OVO,Transportasi,Ojol,Butuh
19000.0,2024-02-16,Livin,Makanan/Minuman,Warteg,Harus
13000.0,2024-02-16,Cash,Makanan/Minuman,Roti,Butuh
1200.0,2024-02-16,OVO,Lainnya,Biaya Admin,Harus
14000.0,2024-02-16,Cash,Makanan/Minuman,Ayam Indomaret,Butuh
1200.0,2024-02-18,OVO,Lainnya,Biaya Admin,Harus
26500.0,2024-02-18,OVO,Transportasi,Ojol,Butuh
13000.0,2024-02-19,Cash,Makanan/Minuman,Warteg,Butuh
6000.0,2024-02-19,Cash,Makanan/Minuman,Roti,Butuh
15000.0,2024-02-19,Cash,Makanan/Minuman,Nasi Goreng,Butuh
28000.0,2024-02-20,Cash,Makanan/Minuman,Nasi Goreng,Butuh
28750.0,2024-02-20,Livin,Makanan/Minuman,Pizza,Ingin
6000.0,2024-02-20,Cash,Makanan/Minuman,Nasi Bakar,Butuh
15000.0,2024-02-21,Cash,Makanan/Minuman,Indomie,Butuh
3800.0,2024-02-21,Cash,Makanan/Minuman,Teh Pucuk,Ingin
20000.0,2024-02-21,Cash,Makanan/Minuman,Ayam Geprek,Butuh
20000.0,2024-02-22,Cash,Makanan/Minuman,Air Minum,Butuh
19000.0,2024-02-22,Cash,Kebersihan,Sabun Mandi,Butuh
15000.0,2024-02-22,Livin,Makanan/Minuman,Warteg_Makan Siang,Butuh
17000.0,2024-02-22,Cash,Makanan/Minuman,Nasi Padang_Makan Malam,Butuh
6000.0,2024-02-22,Cash,Makanan/Minuman,Nasi Bakar,Butuh
6000.0,2024-02-23,Cash,Makanan/Minuman,Nasi Bakar_Sarapan,Butuh
10000.0,2024-02-23,Cash,Makanan/Minuman,Batagor,Ingin
10000.0,2024-02-23,Cash,Makanan/Minuman,Sempol Ayam,Ingin
14000.0,2024-02-23,Livin,Makanan/Minuman,Warteg_Makan Siang,Butuh
8333.0,2024-02-23,Livin,Transportasi,Ojol,Butuh
10000.0,2024-02-23,Livin,Makanan/Minuman,Coklat,Ingin
6000.0,2024-02-24,Cash,Makanan/Minuman,Teh,Ingin
17000.0,2024-02-24,Cash,Makanan/Minuman,Ayam Geprek_Makan Malam,Butuh
14900.0,2024-02-24,Cash,Kebersihan,Detergen,Butuh
13000.0,2024-02-24,Livin,Makanan/Minuman,Warteg_Sarapan,Butuh
15900.0,2024-02-24,Cash,Kebersihan,Kapur Barus,Butuh
20000.0,2024-02-25,Livin,Makanan/Minuman,Kebab,Ingin
17000.0,2024-02-25,Cash,Makanan/Minuman,Warteg,Butuh
16000.0,2024-02-25,Cash,Makanan/Minuman,Warteg,Butuh
16000.0,2024-02-26,Cash,Makanan/Minuman,Nasi Goreng,Butuh
15000.0,2024-02-26,Livin,Makanan/Minuman,Warteg,Butuh
6000.0,2024-02-27,Cash,Makanan/Minuman,Nasi Bakar,Butuh
20000.0,2024-02-27,Cash,Makanan/Minuman,Nasi Ayam,Butuh
16000.0,2024-02-27,Cash,Makanan/Minuman,Warteg,Butuh
6000.0,2024-02-28,Cash,Makanan/Minuman,Nasi Bakar,Butuh
15000.0,2024-02-28,Livin,Makanan/Minuman,Mie,Butuh
4000.0,2024-02-29,Cash,Kebersihan,Pewangi Pakaian,Harus
5000.0,2024-02-29,Livin,Lainnya,Biaya Admin,Harus
2000.0,2024-02-29,Livin,Lainnya,Biaya Admin,Harus
20000.0,2024-02-29,Livin,Makanan/Minuman,Nasi Ayam,Butuh
22500.0,2024-02-29,Cash,Transportasi,Ojol,Harus
20000.0,2024-03-01,Cash,Makanan/Minuman,Nasi Goreng,Butuh
19000.0,2024-03-01,Livin,Makanan/Minuman,Warteg,Butuh
6000.0,2024-03-01,Cash,Makanan/Minuman,Nasi Bakar,Butuh
1200.0,2024-03-01,OVO,Lainnya,Biaya Admin,Harus
12000.0,2024-03-02,Cash,Makanan/Minuman,Warteg,Butuh
15000.0,2024-03-02,Cash,Makanan/Minuman,Nasi Goreng,Butuh
1000000.0,2024-03-02,Livin,Tempat tinggal,Sewa Kost,Butuh
2500.0,2024-03-02,Livin,Lainnya,Biaya Admin,Harus
31197.0,2024-03-02,Livin,Transportasi,e-money,Butuh
5500.0,2024-03-02,Livin,Lainnya,Biaya Admin,Harus
140000.0,2024-03-03,Livin,Transportasi,Kereta,Ingin
16000.0,2024-03-03,Cash,Makanan/Minuman,Ayam Geprek,Butuh
17000.0,2024-03-03,Cash,Makanan/Minuman,Nasi Padang,Butuh
8200.0,2024-03-04,Cash,Makanan/Minuman,Chocolate Hazelnut Drink,Ingin
5000.0,2024-03-04,Cash,Makanan/Minuman,Roti,Butuh
50000.0,2024-03-04,Cash,Lainnya,Akomodasi,Ingin
23000.0,2024-03-04,Livin,Makanan/Minuman,Steak Ayam,Butuh
13200.0,2024-03-04,Cash,Kebersihan,Pasta Gigi,Butuh
16000.0,2024-03-04,Cash,Makanan/Minuman,Nasi Goreng,Butuh
17000.0,2024-03-05,Livin,Makanan/Minuman,Warteg,Butuh
6000.0,2024-03-05,Cash,Makanan/Minuman,Nasi Bakar,Butuh
20000.0,2024-03-05,Cash,Makanan/Minuman,Nasi Ayam,Butuh
6000.0,2024-03-06,Cash,Makanan/Minuman,Roti,Butuh
17000.0,2024-03-06,Cash,Makanan/Minuman,Ayam Geprek,Butuh
14000.0,2024-03-06,Livin,Makanan/Minuman,Warteg,Butuh
140000.0,2024-03-06,Livin,Transportasi,Kereta,Harus
6000.0,2024-03-07,Cash,Makanan/Minuman,Roti,Butuh
14000.0,2024-03-07,Livin,Makanan/Minuman,Warteg,Butuh
25000.0,2024-03-07,Livin,Makanan/Minuman,Indomie,Butuh
25000.0,2024-03-08,Cash,Makanan/Minuman,Chiken Steak,Butuh
6000.0,2024-03-08,Cash,Makanan/Minuman,Nasi Bakar,Butuh
20000.0,2024-03-08,Cash,Makanan/Minuman,Nasi Goreng,Butuh
200616.0,2024-03-08,Livin,Hiburan,Tiket Dufan,Ingin
50000.0,2024-03-09,Cash,Hiburan,Sewa Loker Dufan,Butuh
15000.0,2024-03-09,Cash,Makanan/Minuman,Nasi Goreng,Butuh
20884.0,2024-03-09,Livin,Transportasi,e-money,Butuh
1200.0,2024-03-09,OVO,Lainnya,Biaya Admin,Harus
30000.0,2024-03-09,Cash,Hiburan,Biaya Masuk Ancol,Butuh
42000.0,2024-03-09,OVO,Transportasi,Ojol,Butuh
25000.0,2024-03-09,Cash,Makanan/Minuman,Chiken Lawson,Butuh
80000.0,2024-03-10,Livin,Hiburan,Akomodasi Dufan,Ingin
1000.0,2024-03-10,Livin,Lainnya,Biaya Admin,Harus
1200.0,2024-03-10,OVO,Lainnya,Biaya Admin,Harus
38850.0,2024-03-10,OVO,Hiburan,Vidio Premium,Ingin
7800.0,2024-03-11,Cash,Makanan/Minuman,Susu,Ingin
20000.0,2024-03-11,Cash,Kebersihan,Potong Rambut,Butuh
29000.0,2024-03-12,Livin,Komunikasi,Kuota,Butuh
41000.0,2024-03-13,Cash,Kebersihan,Laundry,Butuh
17000.0,2024-03-13,Cash,Makanan/Minuman,Nasi Padang,Butuh
17000.0,2024-03-13,Cash,Makanan/Minuman,Warteg,Butuh
19000.0,2024-03-14,Livin,Makanan/Minuman,Ayam Geprek,Butuh
9000.0,2024-03-14,Cash,Makanan/Minuman,Yogurt,Butuh
18000.0,2024-03-14,Livin,Makanan/Minuman,Warteg,Butuh
20000.0,2024-03-15,Cash,Makanan/Minuman,Air Minum,Butuh
16000.0,2024-03-15,Livin,Makanan/Minuman,Ayam Geprek,Butuh
21000.0,2024-03-16,Cash,Makanan/Minuman,Nasi Goreng,Butuh
16000.0,2024-03-16,Livin,Makanan/Minuman,Ayam Geprek,Butuh
16000.0,2024-03-17,Cash,Kesehatan,Obat,Butuh
18000.0,2024-03-17,Cash,Makanan/Minuman,Nasi Padang,Butuh
19000.0,2024-03-17,Cash,Makanan/Minuman,Warteg,Butuh
12000.0,2024-03-17,Livin,Makanan/Minuman,Kelapa,Butuh
13800.0,2024-03-18,Cash,Kebersihan,Sabun Mandi,Butuh
8000.0,2024-03-18,OVO,Transportasi,Ojol,Butuh
32000.0,2024-03-18,Livin,Makanan/Minuman,Ayam Geprek,Butuh
12000.0,2024-03-18,Cash,Makanan/Minuman,Kelapa,Butuh
14000.0,2024-03-18,Cash,Belanja,Tisu,Butuh
16000.0,2024-03-18,Cash,Makanan/Minuman,Nasi Soto,Butuh
16000.0,2024-03-19,Cash,Makanan/Minuman,Nasi Soto,Butuh
16000.0,2024-03-19,Cash,Makanan/Minuman,Ayam Geprek,Butuh
19000.0,2024-03-20,Cash,Makanan/Minuman,Nasi Padang,Butuh
3000.0,2024-03-20,Cash,Makanan/Minuman,Teh Manis,Ingin
13000.0,2024-03-20,Cash,Makanan/Minuman,Burger,Ingin
16000.0,2024-03-20,Cash,Makanan/Minuman,Ayam Geprek,Butuh
16000.0,2024-03-21,Cash,Makanan/Minuman,Nasi Soto,Butuh
4000.0,2024-03-21,Cash,Makanan/Minuman,Teh Manis,Butuh
18000.0,2024-03-21,Livin,Makanan/Minuman,Ayam Geprek,Butuh
8000.0,2024-03-21,OVO,Transportasi,Ojol,Butuh
8046.0,2024-03-21,OVO,Hiburan,Vision,Ingin
16000.0,2024-03-22,Livin,Makanan/Minuman,Ayam Geprek,Butuh
13000.0,2024-03-22,Cash,Makanan/Minuman,Burger,Ingin
16000.0,2024-03-22,Cash,Makanan/Minuman,Nasi Goreng,Butuh
13000.0,2024-03-23,Cash,Makanan/Minuman,Burger,Ingin
12000.0,2024-03-23,Cash,Makanan/Minuman,Nasi Padang,Butuh
15000.0,2024-03-24,Cash,Makanan/Minuman,Warteg,Butuh
16000.0,2024-03-24,Cash,Makanan/Minuman,Nasi Soto,Butuh
15000.0,2024-03-24,Cash,Makanan/Minuman,Nasi Goreng,Ingin
4000.0,2024-03-25,Cash,Makanan/Minuman,Teh Manis,Butuh
35000.0,2024-03-25,Cash,Belanja,Parfum,Ingin
15000.0,2024-03-25,Cash,Makanan/Minuman,Warteg,Butuh
17000.0,2024-03-25,Cash,Makanan/Minuman,Nasi Padang,Butuh
18000.0,2024-03-26,Cash,Makanan/Minuman,Warteg,Butuh
20000.0,2024-03-26,Cash,Makanan/Minuman,Air Minum,Butuh
16000.0,2024-03-26,Cash,Makanan/Minuman,Nasi Soto,Butuh
4000.0,2024-03-26,Cash,Makanan/Minuman,Teh Manis,Butuh
16000.0,2024-03-27,Cash,Makanan/Minuman,Nasi Goreng,Butuh
12000.0,2024-03-27,Cash,Makanan/Minuman,Nasi Uduk,Butuh
1000.0,2024-03-27,Livin,Lainnya,Biaya Admin,Harus
13000.0,2024-03-27,Cash,Makanan/Minuman,Burger,Butuh
16000.0,2024-03-28,Cash,Makanan/Minuman,Ayam Geprek,Butuh
10000.0,2024-03-28,Livin,Transportasi,e-money,Butuh
82900.0,2024-03-28,Livin,Makanan/Minuman,Po Bha Bha,Ingin
7241.0,2024-03-29,Livin,Transportasi,e-money,Butuh
13000.0,2024-03-29,Cash,Makanan/Minuman,Burger,Ingin
15000.0,2024-03-30,Cash,Makanan/Minuman,Nasi Padang,Butuh
18000.0,2024-03-30,Cash,Makanan/Minuman,Warteg,Butuh
2500.0,2024-03-30,Livin,Lainnya,Biaya Admin,Harus
1000000.0,2024-03-30,Livin,Tempat tinggal,Sewa Kost,Butuh
15000.0,2024-03-31,Cash,Makanan/Minuman,Nasi Padang,Butuh
17000.0,2024-03-31,Cash,Makanan/Minuman,Warteg,Butuh
15000.0,2024-03-31,Cash,Makanan/Minuman,Cappuccino,Ingin
88605.0,2024-04-01,Livin,Makanan/Minuman,Curry House,Ingin
12000.0,2024-04-01,Cash,Makanan/Minuman,Nasi Uduk,Butuh
32000.0,2024-04-02,Cash,Makanan/Minuman,Nasi Uduk,Butuh
10000.0,2024-04-02,Cash,Transportasi,Ojol,Butuh
12000.0,2024-04-02,OVO,Transportasi,Ojol,Butuh
17500.0,2024-04-02,Cash,Kesehatan,Obat,Harus
16000.0,2024-04-03,Cash,Makanan/Minuman,Nasi Soto,Butuh
15000.0,2024-04-04,Cash,Makanan/Minuman,Warteg,Butuh
12000.0,2024-04-04,Livin,Makanan/Minuman,Kelapa,Butuh
15000.0,2024-04-05,Cash,Makanan/Minuman,Roti,Butuh
5555.0,2024-04-05,Cash,Makanan/Minuman,ccccc,Harus
17000.0,2024-04-05,Cash,Makanan/Minuman,Warteg,Butuh
17900.0,2024-04-05,Cash,Kebersihan,Sabun Mandi,Butuh
30000.0,2024-04-05,OVO,Transportasi,Ojol,Butuh
1200.0,2024-04-05,OVO,Lainnya,Biaya Admin,Harus
15000.0,2024-04-05,Cash,Makanan/Minuman,Warteg,Butuh
20000.0,2024-04-06,Cash,Belanja,Baju,Butuh
15000.0,2024-04-07,Cash,Makanan/Minuman,Sandal,Butuh
22500.0,2024-04-10,Cash,Transportasi,Bensin,Butuh
237820.0,2024-04-13,Livin,Komunikasi,Wifi,Butuh
2000.0,2024-04-13,Cash,Transportasi,Parkir,Harus
